title,release_date
Deadpool & Wolverine,2024-07-24
Inside Out 2,2024-06-11
Despicable Me 4,2024-06-20
Twisters,2024-07-10
Bad Boys: Ride or Die,2024-06-05
Longlegs,2024-07-10
Gunner,2024-08-16
The Union,2024-08-15
Jackpot!,2024-08-13
Alien: Romulus,2024-08-13
It Ends with Us,2024-08-07
Kill,2024-07-03
Darkness of Man,2024-05-07
A Quiet Place: Day One,2024-06-26
Saving Bikini Bottom: The Sandy Cheeks Movie,2024-08-01
The Garfield Movie,2024-04-30
Crescent City,2024-08-16
Prey,2024-03-15
Monolith,2023-10-26
Mayhem!,2023-06-28
Dragonkeeper,2024-04-11
One Fast Move,2024-08-07
Kingdom of the Planet of the Apes,2024-05-08
The Convert,2024-03-14
Furiosa: A Mad Max Saga,2024-05-22
The Instigators,2024-08-02
Twilight of the Warriors: Walled In,2024-04-23
Trap,2024-07-31
Something in the Water,2024-03-22
30 Days of Night,2007-10-17
Oddity,2024-07-19
Kinds of Kindness,2024-05-30
Incoming,2024-08-22
Sonic the Hedgehog 3,2024-12-19
Beetlejuice Beetlejuice,2024-09-04
Mission: Cross,2024-08-05
House of Ga'a,2024-07-26
Descendants: The Rise of Red,2024-07-11
Civil War,2024-04-10
Paradox Effect,2024-06-27
Godzilla x Kong: The New Empire,2024-03-27
Beetlejuice,1988-03-30
The Mouse Trap,2024-08-23
Harold and the Purple Crayon,2024-07-31
Justice League: Crisis on Infinite Earths Part Three,2024-07-15
Alien,1979-05-25
Kung Fu Panda 4,2024-03-02
xXx,2002-08-09
Beautiful Wedding,2024-01-24
Breaking and Re-entering,2024-02-08
Thelma,2024-06-21
The Ministry of Ungentlemanly Warfare,2024-04-18
Slaughtered Vomit Dolls,2006-02-14
Avengers: Infinity War,2018-04-25
My Fault,2023-06-08
Pleasure,2021-10-08
An Ideal Father,2024-04-21
Shimmy: The First Monkey King,2023-04-21
Fly Me to the Moon,2024-07-10
Cursed,2023-10-20
Migration,2023-12-06
The Exorcism,2024-05-30
Sonic the Hedgehog 2,2022-03-30
Coraline,2009-02-05
Place of Bones,2024-08-23
Inside Out,2015-06-17
Out of Exile,2023-01-20
My Spy The Eternal City,2024-07-18
Alice in Terrorland,2023-12-26
The Beast Within,2024-07-22
Borderlands,2024-08-07
3 Days in Malay,2023-08-11
Non Negotiable,2024-07-25
"Miraculous World: Paris, Tales of Shadybug and Claw Noir",2023-10-21
BLUE LOCK THE MOVIE -EPISODE NAGI-,2024-04-19
Under Paris,2024-06-04
Autumn and the Black Jaguar,2024-02-01
The Smoke Master,2023-05-18
The Super Mario Bros. Movie,2023-04-05
MaXXXine,2024-07-04
The King Tide,2024-04-26
The Strangers: Chapter 1,2024-05-15
Underground Monster,2023-04-27
The Watchers,2024-06-06
You Shall Not Sleep Tonight,2024-08-01
Deadpool,2016-02-09
Aliens,1986-07-18
Fast X,2023-05-17
We Are Zombies,2024-07-17
Beverly Hills Cop: Axel F,2024-06-20
The Fall Guy,2024-04-24
Dune: Part Two,2024-02-27
IF,2024-05-08
Spider-Man: No Way Home,2021-12-15
The Marvels,2023-11-08
Alienoid,2022-07-20
Johnny & Clyde,2023-03-23
Spider-Man: Across the Spider-Verse,2023-05-31
Land of Bad,2024-01-25
Alien: Covenant,2017-05-09
The Jack in the Box: Rises,2024-01-18
Late Night with the Devil,2024-03-19
Nice Girls,2024-08-20
The Tower,2023-02-08
The Killer,2024-08-22
Japanese Mom,2017-02-09
Transformers: Rise of the Beasts,2023-06-06
The Deep Dark,2023-11-15
John Wick: Chapter 4,2023-03-22
Pretty Guardian Sailor Moon Cosmos the Movie Part 2,2023-06-30
Napoleon,2023-11-22
Harry Potter and the Philosopher's Stone,2001-11-16
Monkey Man,2024-04-03
The Lord of the Rings: The Return of the King,2003-12-17
The Shawshank Redemption,1994-09-23
The Avengers,2012-04-25
Atlas,2024-05-23
Blink Twice,2024-08-21
The Crow,1994-05-11
Tarot,2024-05-01
The Crow,2024-08-21
Wonka,2023-12-06
Godzilla Minus One,2023-11-03
Deadpool 2,2018-05-10
The Lord of the Rings: The Fellowship of the Ring,2001-12-18
Mom's Friend,2015-08-20
"The Chronicles of Narnia: The Lion, the Witch and the Wardrobe",2005-12-07
No Way Up,2024-01-18
The Idea of You,2024-05-02
Deliver Us,2023-08-30
Stranger in the Woods,2024-02-14
Avengers: Endgame,2019-04-24
Puss in Boots: The Last Wish,2022-12-07
The Last Breath,2024-06-28
The Roundup: No Way Out,2023-05-31
Unang Tikim,2024-07-07
Sonic the Hedgehog,2020-02-12
Interstellar,2014-11-05
Wish,2023-11-13
Kleks Academy,2024-01-05
Road House,2024-03-08
"Run, Tiger Run!",2022-02-01
Pirates of the Caribbean: The Curse of the Black Pearl,2003-07-09
Harry Potter and the Prisoner of Azkaban,2004-05-31
Oppenheimer,2023-07-19
The Hobbit: The Battle of the Five Armies,2014-12-10
Tòkunbọ̀,2024-08-23
May the 12th Be with You,2024-05-09
Chief of Station,2024-05-02
Megamind vs. the Doom Syndicate,2024-03-29
MR-9: Do or Die,2023-08-25
Avatar: The Way of Water,2022-12-14
Hell Hole,2024-07-29
Moana 2,2024-11-27
Cocorico,2024-02-07
Nun in Rope Hell,1984-05-25
Harry Potter and the Chamber of Secrets,2002-11-13
Despicable Me,2010-07-08
The Godfather,1972-03-14
Dagr,2024-03-24
Venom: The Last Dance,2024-10-23
Dead Sea,2024-07-26
Elemental,2023-06-14
Breathe,2024-04-04
The Supremes at Earl's All-You-Can-Eat,2024-08-07
Madame Web,2024-02-14
The Lion King,2019-07-12
Friend's Mothers,2018-07-05
The First Omen,2024-04-03
The Lord of the Rings: The Two Towers,2002-12-18
Immaculate,2024-03-20
Trigger Warning,2024-06-20
Rebel Moon - Part Two: The Scargiver,2024-04-19
Logan,2017-02-28
Barbie,2023-07-19
Harry Potter and the Deathly Hallows: Part 1,2010-11-17
I Don't Like Younger Men 4,2019-07-26
Dune,2021-09-15
Anyone But You,2023-12-21
Mission: Impossible - Dead Reckoning Part One,2023-07-08
In a Violent Nature,2024-05-31
Creation of the Gods I: Kingdom of Storms,2023-07-15
Escape from the 21st Century,2024-07-18
Dange,2024-03-01
Aliens vs Predator: Requiem,2007-12-25
The Wild Robot,2024-09-12
Pirates of the Caribbean: Dead Man's Chest,2006-07-06
HAIKYU!! The Dumpster Battle,2024-02-16
Avengers: Age of Ultron,2015-04-22
Maria Montessori,2024-03-07
The Dark Knight,2008-07-16
Black Noise,2023-11-03
Mufasa: The Lion King,2024-12-18
Vassalord.,2013-03-15
Ape vs Mecha Ape,2023-03-24
Harry Potter and the Deathly Hallows: Part 2,2011-07-12
Me contro Te: Il film - Vacanze in Transilvania,2023-10-19
Coco,2017-10-27
SPY x FAMILY CODE: White,2023-12-22
The Wages of Fear,2024-03-28
The Maze Runner,2014-09-10
Yu☆Gi☆Oh!,1999-03-06
No Time to Spy: A Loud House Movie,2024-06-21
"Monsters, Inc.",2001-11-01
Ghostbusters: Frozen Empire,2024-03-20
A Chinese Torture Chamber Story,1994-05-19
Jurassic World Dominion,2022-06-01
Pulp Fiction,1994-09-10
El Candidato Honesto,2024-08-08
365 Days: This Day,2022-04-27
Exhuma,2024-02-22
The Last Kumite,2024-05-09
Horizon: An American Saga – Chapter 1,2024-06-26
Kalki 2898-AD,2024-06-26
Fifty Shades of Grey,2015-02-11
The Boy and the Heron,2023-07-14
Drawing Closer,2024-06-26
Guardians of the Galaxy Vol. 3,2023-05-03
Corpse Bride,2005-09-12
Alien Resurrection,1997-11-12
Ultraman: Rising,2024-06-14
Top Gun: Maverick,2022-05-21
Pirates of the Caribbean: At World's End,2007-05-19
Iron Man 2,2010-04-28
Shrek,2001-05-18
Hacksaw Ridge,2016-10-07
Abigail,2024-04-16
Tangled,2010-11-24
Kalikot,2024-03-12
Pirates of the Caribbean: On Stranger Tides,2011-05-15
Damsel,2024-03-07
Mad Max: Fury Road,2015-05-13
The Flash,2023-06-13
Five Nights at Freddy's,2023-10-25
Thelma the Unicorn,2024-05-17
Titanic,1997-11-18
The Goat Life,2024-03-28
Forrest Gump,1994-06-23
Prometheus,2012-05-30
Harry Potter and the Goblet of Fire,2005-11-16
Thor: Love and Thunder,2022-07-06
Hit Man,2024-05-16
Aquaman and the Lost Kingdom,2023-12-20
Prey,2022-08-02
The Lion King,1994-06-24
Leggings Mania,2023-07-13
Father There is Only One 4,2024-07-17
The Gigolo,2015-01-29
X-Men: Days of Future Past,2014-05-15
Shrek 2,2004-05-19
Iron Man,2008-04-30
Spirited Away,2001-07-20
Toy Story,1995-10-30
Bad Boys for Life,2020-01-15
Baki Hanma VS Kengan Ashura,2024-06-05
Boneyard,2024-07-05
Blade Runner 2049,2017-10-04
The Beekeeper,2024-01-08
Terminator 2: Judgment Day,1991-07-03
White Chicks,2004-06-23
Meg 2: The Trench,2023-08-02
Spider-Man: Homecoming,2017-07-05
The Batman,2022-03-01
Spider-Man: Into the Spider-Verse,2018-12-06
The Conjuring,2013-07-18
Me Before You,2016-06-01
20th Century Girl,2022-10-06
Justice League: Crisis on Infinite Earths Part One,2024-01-08
Alice in Wonderland,2010-03-03
Captain America: Civil War,2016-04-27
Rascal Does Not Dream of a Knapsack Kid,2023-12-01
Battle Over Britain,2023-12-01
Frozen,2013-11-20
The Bikeriders,2024-06-19
Parasite,2019-05-30
PAW Patrol: The Mighty Movie,2023-09-21
Big Hero 6,2014-10-24
Trolls Band Together,2023-10-12
Demon Slayer -Kimetsu no Yaiba- The Movie: Mugen Train,2020-10-16
Transformers One,2024-09-11
Encanto,2021-10-13
"Crazy, Stupid, Love.",2011-07-29
Alienoid: The Return to the Future,2024-01-10
Alien³,1992-05-22
Your Fault,2024-12-26
Transformers: Age of Extinction,2014-06-25
After the Pandemic,2022-03-01
Poor Things,2023-12-07
Expend4bles,2023-09-15
Dawn of the Planet of the Apes,2014-07-08
Heavenly Touch,2009-05-12
I Can't Live Without You,2024-08-15
15 Cameras,2023-10-13
"Miraculous World, London: At the Edge of Time",2024-08-31
Venom: Let There Be Carnage,2021-09-30
"The Good, the Bad and the Ugly",1966-12-22
The Princess and the Frog,2009-12-08
Charlie and the Chocolate Factory,2005-07-13
The OctoGames,2022-10-07
Ted 2,2015-06-25
The Little Mermaid,2023-05-18
Mantra Warrior: The Legend of The Eight Moons,2023-10-11
Mean Girls,2004-04-30
The Infallibles,2024-06-20
Nowhere,2023-09-29
The Family Plan,2023-12-14
La Familia del Barrio: La Película,2024-06-28
Ratatouille,2007-06-21
Spider-Man,2002-05-01
Boy Kills World,2024-04-24
Zootopia,2016-02-11
Turning Red,2022-03-10
The Forbidden Play,2023-09-08
Untamed Royals,2024-08-27
Top Gunner: Danger Zone,2022-05-20
The Terminator,1984-10-26
Young Woman and the Sea,2024-05-31
Monster's Battlefield,2021-12-27
Doctor Strange in the Multiverse of Madness,2022-05-04
Evil Dead Rise,2023-04-12
Fifty Shades Freed,2018-01-17
Harry Potter and the Order of the Phoenix,2007-07-08
The Hunger Games: Mockingjay - Part 1,2014-11-19
Justice League: Crisis on Infinite Earths Part Two,2024-04-22
Fight Club,1999-10-15
Detective Conan: Black Iron Submarine,2023-04-14
Venom,2018-09-28
The Equalizer,2014-09-24
Howl's Moving Castle,2004-09-09
Killers of the Flower Moon,2023-10-18
V de Víctor,2024-05-16
A Quiet Place Part II,2021-05-21
Despicable Me 2,2013-06-26
Joker,2019-10-01
The Conjuring 2,2016-06-08
Handling the Undead,2024-02-09
The Flesh,1991-05-09
Finding Nemo,2003-05-30
人妻セックス地獄,1974-03-16
Tabu,1977-01-28
Twilight,2008-11-20
The Tearsmith,2024-04-03
The Godfather Part II,1974-12-20
Fury,2014-10-15
Shrek Forever After,2010-05-16
The Matrix,1999-03-31
Case Closed: The Million-Dollar Pentagram,2024-04-12
Gladiator,2000-05-04
Inception,2010-07-15
Terminator Genisys,2015-06-23
Rebel Moon - Part One: A Child of Fire,2023-12-15
Cinderella,2015-03-06
Real Steel,2011-09-28
The Hunger Games: The Ballad of Songbirds & Snakes,2023-11-15
Predator,1987-06-12
Harry Potter and the Half-Blood Prince,2009-07-15
Gone Girl,2014-10-01
Spider-Man 3,2007-05-01
Black Panther: Wakanda Forever,2022-11-09
Thor: Ragnarok,2017-10-02
GoodFellas,1990-09-12
Jurassic World,2015-06-06
Hotel Transylvania: Transformania,2022-01-31
The Amazing Spider-Man,2012-06-23
Below Her Mouth,2017-02-10
The Star of Cottonland,1984-02-11
Rebuilding Coraline,2024-08-15
Cinderella,1950-02-22
"The Gangster, the Cop, the Devil",2019-05-15
Crayon Shin-chan: Ora's Dinosaur Diary,2024-08-09
Fast & Furious Presents: Hobbs & Shaw,2019-08-01
Schindler's List,1993-12-15
A Haunted House 2,2014-04-17
Noah's Ark,2024-01-05
Grown Ups,2010-06-24
Up,2009-05-28
Kraven the Hunter,2024-12-11
The Amazing Spider-Man 2,2014-04-16
The Hobbit: An Unexpected Journey,2012-12-12
The Three Musketeers: Milady,2023-12-13
The Golden Lotus: Love and Desire,1991-05-09
Bad Boys,1995-04-07
Minions: The Rise of Gru,2022-06-29
Top Gun,1986-05-16
The Wolf of Wall Street,2013-12-25
Bedspacer,2024-01-05
Transformers: The Last Knight,2017-06-16
Star Wars,1977-05-25
Spider-Man: Far From Home,2019-06-28
X-Men: Apocalypse,2016-05-18
Arthur the King,2024-03-15
The Dark Knight Rises,2012-07-17
Toy Story 2,1999-10-30
Thor,2011-04-21
Taken 3,2014-12-16
Powerless King,1981-08-29
Grown Ups 2,2013-07-11
The Nun II,2023-09-06
Wreck-It Ralph,2012-11-01
"Miraculous: Ladybug & Cat Noir, The Movie",2023-07-05
The Green Mile,1999-12-10
Project Silence,2024-07-11
Pirates of the Caribbean: Dead Men Tell No Tales,2017-05-23
Scarface,1983-12-09
The Notebook,2004-06-25
Batman v Superman: Dawn of Justice,2016-03-23
Sing 2,2021-12-01
Leo,2023-11-17
The Equalizer 3,2023-08-30
The Hunted,2024-01-18
Badland Hunters,2024-01-25
Woody Woodpecker Goes to Camp,2024-04-12
The Conjuring: The Devil Made Me Do It,2021-05-25
How to Train Your Dragon 2,2014-06-05
Contagion of Fear,2024-01-16
The Suicide Squad,2021-07-28
Shang-Chi and the Legend of the Ten Rings,2021-09-01
The Little Mermaid,1989-11-17
Los de la culpa,2024-03-21
John Wick: Chapter 2,2017-02-08
The Next 365 Days,2022-08-19
The Nightmare Before Christmas,1993-10-09
Black Lotus,2023-04-12
The Zone of Interest,2023-12-15
The Help,2011-08-09
Beauty and the Beast,2017-03-16
Zack Snyder's Justice League,2021-03-18
Your Name.,2016-08-26
Orion and the Dark,2024-02-01
Se7en,1995-09-22
Guy Ritchie's The Covenant,2023-04-19
Chappie,2015-03-04
Vikings: Battle of Heirs,2023-04-28
Love Lies Bleeding,2024-03-08
Guardians of the Galaxy Vol. 2,2017-04-19
Damaged,2024-04-12
Spitfire Over Berlin,2022-05-13
The Age of Adaline,2015-04-16
Sri Asih,2022-11-17
Cars 3,2017-06-15
War for the Planet of the Apes,2017-07-11
Bionic,2024-05-28
The Mummy,1999-04-16
Scent of Passion,1991-06-10
Avatar,2009-12-15
The Cult,2024-06-01
"Son's Girlfriend, Daddy's Girlfriend",2020-11-13
How to Train Your Dragon: The Hidden World,2019-01-03
The Twilight Saga: Breaking Dawn - Part 1,2011-11-16
Demon Slayer: Kimetsu no Yaiba Sibling's Bond,2019-03-29
Shazam! Fury of the Gods,2023-03-15
Janet Planet,2024-06-21
The Imitation Game,2014-11-14
Teenage Mutant Ninja Turtles: Mutant Mayhem,2023-07-31
Speak No Evil,2024-09-10
Titane,2021-07-14
Jujutsu Kaisen 0,2021-12-24
The Count of Monte-Cristo,2024-06-28
Shrek the Third,2007-05-17
Canceled,2023-08-25
Mulan,1998-06-18
Death Whisperer,2023-10-25
Everything Everywhere All at Once,2022-03-24
A Sacrifice,2024-06-28
Challengers,2024-04-18
Gifted,2017-04-07
How to Train Your Dragon,2010-03-18
The Karate Kid,2010-06-10
Ice Age,2002-03-10
The Legend of Catclaws Mountain,2024-05-27
Iron Man 3,2013-04-18
A Little Something Extra,2024-04-18
(Un)lucky Sisters,2024-08-30
Someone Like You,2024-04-02
The Incredibles,2004-10-27
Scouts Guide to the Zombie Apocalypse,2015-10-23
Blue Beetle,2023-08-16
Ready Player One,2018-03-28
The Dark Tower,2017-08-03
Goyo,2024-06-27
Noryang: Deadly Sea,2023-12-20
Gran Turismo,2023-08-09
Toy Story 3,2010-06-16
Black Adam,2022-10-19
Skal: Fight for Survival,2023-11-24
The Hangover,2009-06-02
Frozen II,2019-11-20
Wrath of Man,2021-04-22
Beauty and the Beast,1991-10-22
Code 8 Part II,2024-02-27
Inglourious Basterds,2009-08-02
The Forge,2024-08-22
A Family Affair,2024-06-27
Sting,2024-04-12
Dungeons & Dragons: Honor Among Thieves,2023-03-23
Fall,2022-08-11
Garfield,2004-06-10
Split,2017-01-19
Winnie-the-Pooh: Blood and Honey 2,2024-03-26
Alice in Wonderland,1951-07-28
Indiana Jones and the Dial of Destiny,2023-06-25
Find Me Falling,2024-07-18
Pacific Rim,2013-07-11
The Raffle,1991-11-15
It Chapter Two,2019-09-04
Meteor,2021-09-01
Penguins of Madagascar,2014-11-22
Apocalypto,2006-12-07
Blood and Snow,2023-10-06
Raya and the Last Dragon,2021-03-03
Train to Busan,2016-07-20
WALL·E,2008-06-22
Through My Window 3: Looking at You,2024-02-23
Hercules,1997-06-13
Rise of the Planet of the Apes,2011-08-03
Am I OK?,2024-06-11
Ant-Man and the Wasp: Quantumania,2023-02-15
After,2019-04-11
City of God,2002-08-30
Hidden Figures,2016-12-10
The Lorax,2012-03-01
Wrong Turn,2021-01-26
The Twilight Saga: Breaking Dawn - Part 2,2012-11-13
A Quiet Place,2018-04-03
Golden Kamuy,2024-01-19
Baby Shark's Big Movie,2024-02-07
Catch Me If You Can,2002-12-16
Rambo: Last Blood,2019-09-19
Attack,2022-04-01
Rambo: First Blood Part II,1985-05-21
Uncharted,2022-02-10
Deadpool: No Good Deed,2017-03-03
Bridge to Terabithia,2007-02-15
Wrong Turn 5: Bloodlines,2012-10-23
Maze Runner: The Scorch Trials,2015-09-09
Snow White and the Seven Dwarfs,1937-12-21
Girl in the Basement,2021-02-27
The Godfather Part III,1990-12-25
The Creator,2023-09-27
Wonder Woman,2017-05-30
The Incredible Hulk,2008-06-12
Man of Steel,2013-06-12
田中瞳 爆乳Jの衝撃,2007-11-08
Joker: Folie à Deux,2024-10-02
Blade,1998-08-21
The Childe,2023-06-21
Creed III,2023-03-01
It Could Happen to You,1994-07-29
Lift,2024-01-10
One Piece Film Red,2022-08-06
Baywatch,2017-05-25
Constantine,2005-02-08
Edward Scissorhands,1990-12-07
Luca,2021-06-17
Bound by Honor,1993-02-05
Odio el verano,2024-08-23
Reagan,2024-08-29
The Twilight Saga: Eclipse,2010-06-23
Toy Story 4,2019-06-19
Black Widow,2021-01-01
Scream VI,2023-03-08
Troy,2004-05-13
World War Z,2013-06-19
The Pope's Exorcist,2023-04-05
Nymphomaniac: Vol. II,2013-12-25
Mean Girls,2024-01-10
After Everything,2023-09-13
The Parent Trap,1998-07-28
Ponyo,2008-07-19
Resident Evil: Welcome to Raccoon City,2021-11-24
Furious 7,2015-04-01
Kung Fu Panda,2008-06-04
John Wick: Chapter 3 - Parabellum,2019-05-15
The Boy in the Striped Pyjamas,2008-05-07
12 Angry Men,1957-04-10
The Adventure of A.R.I.: My Robot Friend,2022-01-13
xXx: Return of Xander Cage,2017-01-13
Taste of Freedom,2024-03-07
Black Panther,2018-02-13
Terrifier 2,2022-10-06
Fighter,2024-01-24
Argylle,2024-01-31
Once Upon a Deadpool,2018-12-11
Tombstone,1993-12-25
Teenage Mutant Ninja Turtles,2014-08-07
Sicario,2015-09-17
2001: A Space Odyssey,1968-04-02
Kung Fu Panda 3,2016-01-23
The Nun,2018-09-05
The Exorcism of God,2022-03-11
Luck,2022-08-05
The Truman Show,1998-06-04
Jurassic World: Fallen Kingdom,2018-06-06
Project Wolf Hunting,2022-09-21
Mission: Impossible - Fallout,2018-07-13
The Mask,1994-07-29
The Lion King II: Simba's Pride,1998-10-24
Fantastic Beasts and Where to Find Them,2016-11-16
Cars 2,2011-06-11
Pretty Woman,1990-03-23
Salitan,2024-02-16
Ice Age: Dawn of the Dinosaurs,2009-06-26
Retribution,2023-08-23
Predator 2,1990-11-21
Hotel Transylvania 3: Summer Vacation,2018-06-28
Bad Boys II,2003-07-18
No Time to Die,2021-09-29
Taken,2008-02-18
The Boss Baby: Family Business,2021-07-01
Incredibles 2,2018-06-14
Brave,2012-06-21
Kingsman: The Secret Service,2014-12-13
San Andreas,2015-05-27
Godzilla: King of the Monsters,2019-05-29
The Thundermans Return,2024-03-07
Katt Williams: Woke Foke,2024-05-04
Doctor Strange,2016-10-25
Baghead,2023-12-28
Madagascar,2005-05-25
Freelance,2023-10-05
Crazy Desire,1962-03-15
No Country for Old Men,2007-06-13
One Hundred and One Dalmatians,1961-01-25
In Time,2011-10-27
Rush Hour,1998-09-18
Talk to Me,2023-07-26
Thor: The Dark World,2013-10-30
The King's Man,2021-12-22
Lembayung,2024-09-19
Saving Private Ryan,1998-07-24
Intercourse: Special Sister-In-Law,2019-11-07
Justice League,2017-11-15
Blended,2014-05-21
I Saw the TV Glow,2024-05-03
The Hobbit: The Desolation of Smaug,2013-12-11
American Pie,1999-07-09
Boyka: Undisputed IV,2016-08-01
The Job Whisperer,2024-04-18
Tarzan,1999-06-18
Heat,1995-12-15
The Fifth Element,1997-05-02
Despicable Me 3,2017-06-15
The Inheritance,2024-07-12
Red One,2024-11-07
Silenced,2011-09-22
Nobody,2021-03-18
Planet of the Apes,1968-02-07
Star Wars: The Force Awakens,2015-12-15
Muzzle,2023-09-29
The Palace,2023-09-28
Mavka: The Forest Song,2023-03-02
Godzilla,2014-05-14
Ice Age: Continental Drift,2012-06-27
Back to the Future,1985-07-03
Outsource,2022-01-18
The Town,2010-09-15
I Don't Like Younger Men 5,2020-04-23
After We Fell,2021-09-01
AVP: Alien vs. Predator,2004-08-12
The Equalizer 2,2018-07-19
Shutter Island,2010-02-14
Purpose of Reunion,2015-08-06
Full Metal Jacket,1987-06-26
Cruella,2021-05-26
Secret Lives of Orangutans,2024-08-21
Maleficent: Mistress of Evil,2019-10-16
Shooter,2007-03-22
A Delicious Flight,2015-11-01
PAW Patrol: The Movie,2021-08-09
City Hunter,2024-04-24
Eyes Wide Shut,1999-07-16
Kaskasero,2024-07-26
Through My Window,2022-02-04
The Darkest Minds,2018-07-25
The Hawk,2023-10-25
Carl's Date,2023-06-15
Wrong Turn 4: Bloody Beginnings,2011-10-17
Flushed Away,2006-10-22
Descendants 3,2019-08-02
Cheat,2023-08-24
The Shining,1980-05-23
After Ever Happy,2022-08-24
Rise of the Guardians,2012-11-21
Scream,1996-12-20
The Croods: A New Age,2020-11-25
Wrong Turn 3: Left for Dead,2009-10-20
Edge of Tomorrow,2014-05-27
Rambo,2008-01-24
Creed II,2018-11-21
Once Upon a Time... in Hollywood,2019-07-24
Kung Fu Panda 2,2011-05-25
Sixty Minutes,2024-01-19
War Dogs,2016-08-18
Maleficent,2014-05-28
The Secret in Their Eyes,2009-08-13
"Ruby Gillman, Teenage Kraken",2023-06-28
Early Birds,2023-10-12
Kingsman: The Golden Circle,2017-09-20
The Emperor's New Groove,2000-12-15
Terminator: Dark Fate,2019-10-23
Twister,1996-05-10
Imaginary,2024-03-06
The First Slam Dunk,2022-12-03
Annabelle: Creation,2017-08-03
Don't Be a Menace to South Central While Drinking Your Juice in the Hood,1996-01-12
The Beast,2024-02-07
The SpongeBob Movie: Sponge on the Run,2020-08-14
The Predator,2018-09-05
The Devil Wears Prada,2006-06-29
X,2022-03-17
Borderless Fog,2024-07-31
The Five,2023-01-07
Daddio,2024-06-27
Jaws,1975-06-20
Mothers' Instinct,2024-01-11
Saw X,2023-09-27
Meet Joe Black,1998-11-12
Jumping The Fence,2024-04-12
Sound of Freedom,2023-07-03
Captain America: The First Avenger,2011-07-22
La casa,2024-05-01
Rita,2024-03-22
(500) Days of Summer,2009-07-17
Mad Max,1979-04-12
Whiplash,2014-10-10
Django Unchained,2012-12-25
Rebel Ridge,2024-08-27
Upgraded,2024-02-07
American Sniper,2014-12-25
The Proposal,2009-06-02
Batman Begins,2005-06-10
Captain Marvel,2019-03-06
Madagascar 3: Europe's Most Wanted,2012-06-06
Nightcrawler,2014-10-23
Bosomy Mom,2020-05-06
Rocky,1976-11-20
Taxi Driver,1976-02-09
Chicken Run: Dawn of the Nugget,2023-12-08
The Chronicles of Narnia: Prince Caspian,2008-05-15
The Mummy Returns,2001-05-04
The Simpsons Movie,2007-07-25
The Passion of the Christ,2004-02-25
Léon: The Professional,1994-09-14
There's Still Tomorrow,2023-10-26
Lilo & Stitch,2002-06-21
After We Collided,2020-09-02
Planet of the Apes,2001-07-25
Jumanji: The Next Level,2019-12-04
Sleeping Dogs,2024-03-21
A Bug's Life,1998-11-25
Thriller Night,2011-09-13
Hercules,2014-07-23
Hulk,2003-06-19
The Chronicles of Narnia: The Voyage of the Dawn Treader,2010-12-02
Mission: Impossible - Ghost Protocol,2011-12-07
The Matrix Resurrections,2021-12-16
Ted,2012-06-29
I Am Legend,2007-12-12
Ghost Rider,2007-01-15
Suzume,2022-11-11
Scream,2022-01-12
Soul,2020-12-25
Wicked Minds,2003-03-01
The Voyagers,2022-11-21
Godzilla vs. Kong,2021-03-24
The Exorcist: Believer,2023-10-04
Raiders of the Lost Ark,1981-06-12
The Martian,2015-09-30
Anacondas: The Hunt for the Blood Orchid,2004-08-25
Descendants,2015-07-31
American Wedding,2003-08-01
Alice Through the Looking Glass,2016-05-25
The Lucky One,2012-04-19
Terrifier 3,2024-10-09
The Exorcist,1973-12-26
The Promised Neverland,2020-12-18
4 Horsemen: Apocalypse,2022-04-29
Sisu,2022-09-09
Terminator 3: Rise of the Machines,2003-07-02
Girls Unbutton,1994-01-27
It,2017-09-06
Get Out,2017-02-24
Extraction 2,2023-06-09
Wrong Turn,2003-05-30
A Million Minutes,2024-02-01
TOGEFILM - Mei Mei,2023-04-06
Sausage Party,2016-07-11
Superman,1978-12-14
Dragon Ball Z: Broly – The Legendary Super Saiyan,1993-03-06
Kingdom of Heaven,2005-05-03
3 Days Max,2023-10-25
Space Pups,2023-07-27
Spirit: Stallion of the Cimarron,2002-05-24
Maze Runner: The Death Cure,2018-01-10
It’s for Your Own Good,2024-06-21
RRR,2022-03-24
Paprika,1991-02-13
Birds of Prey (and the Fantabulous Emancipation of One Harley Quinn),2020-02-05
The Matrix Reloaded,2003-05-15
Arrival,2016-11-10
The Twilight Saga: New Moon,2009-11-18
Ghosted,2023-04-18
Blade Runner,1982-06-25
Jason Bourne,2016-07-27
Van Helsing,2004-05-03
Wrong Turn 2: Dead End,2007-08-25
Just Go with It,2011-02-10
Three Steps Above Heaven,2010-12-03
The Forever Purge,2021-06-30
Hereditary,2018-06-07
Babylon,2022-12-22
Dark Phoenix,2019-06-05
Scary Movie,2000-07-07
Mother of the Bride,2024-05-08
The Courier,2024-01-19
Robot Dreams,2023-12-06
"Me, Myself & Irene",2000-06-22
Legally Blonde,2001-07-13
War of the Worlds,2005-06-28
The Handmaiden,2016-06-01
The Crow: City of Angels,1996-08-29
Jeepers Creepers 2,2003-08-08
Free Guy,2021-08-11
Bohemian Rhapsody,2018-10-24
The Longest Yard,2005-05-27
Knights of the Zodiac,2023-04-27
Alita: Battle Angel,2019-01-31
The Purge,2013-05-31
The Voyeur,1994-01-27
Home Alone 2: Lost in New York,1992-11-15
The Crow: Salvation,2000-01-23
Tinker Bell and the Legend of the NeverBeast,2014-12-12
Fantastic Beasts: The Secrets of Dumbledore,2022-04-06
Star Wars: The Last Jedi,2017-12-13
The Hunger Games: Mockingjay - Part 2,2015-11-18
Thanksgiving,2023-11-16
Ant-Man,2015-07-14
Yolo,2024-02-10
Lucy,2014-07-25
Real Gangsters,2013-06-01
The Dream of the Red Chamber,2024-08-16
New Life,2024-05-03
Babylon A.D.,2008-08-20
The Monkey King: Reborn,2021-04-02
Get Real,1998-08-16
The Lord of the Rings: The War of the Rohirrim,2024-12-11
Alvin and the Chipmunks: The Squeakquel,2009-12-21
Hammarskjöld: Fight for Peace,2023-12-25
Tyler Perry's Divorce in the Black,2024-07-11
The SpongeBob SquarePants Movie,2004-11-14
When Evil Lurks,2023-10-05
Dumb and Dumber,1994-12-16
King Kong,2005-12-12
The Night They Came Home,2024-01-12
The Fate of the Furious,2017-04-12
Good Will Hunting,1997-12-05
The SpongeBob Movie: Sponge Out of Water,2015-01-28
Pride & Prejudice,2005-09-16
Dragon Ball: Mystical Adventure,1988-07-09
Terrifier,2018-01-25
Mission: Impossible,1996-05-22
The Bourne Ultimatum,2007-08-03
Megamind,2010-10-28
Sleepless Oedo,1993-07-23
Eternals,2021-11-03
Dragon Ball Z: Resurrection 'F',2015-04-18
Lolo and the Kid,2024-08-07
Star Wars: The Rise of Skywalker,2019-12-18
Dead Silence,2007-03-16
Last Summer,2023-09-13
The Purge: Anarchy,2014-07-17
Cowboys & Aliens,2011-07-29
Annabelle Comes Home,2019-06-26
Sing,2016-11-23
Aladdin,1992-11-25
Ruthless,2023-12-14
Cars,2006-06-08
Sana,2023-08-11
Fireproof,2008-09-26
Baby Driver,2017-06-28
Dumbo,1941-10-31
Percy Jackson & the Olympians: The Lightning Thief,2010-02-01
The Greatest Showman,2017-12-20
Prisoners,2013-09-19
My Neighbor Totoro,1988-04-10
Apocalypse Now,1979-08-15
Bullet Train,2022-08-03
Pan's Labyrinth,2006-10-10
TRON: Legacy,2010-12-14
The Devil's Advocate,1997-10-17
Madagascar: Escape 2 Africa,2008-10-30
The Shack,2017-03-03
Afraid,2024-08-28
Red Right Hand,2024-02-22
One Week Friends,2022-06-18
The Ten Commandments,1956-10-05
Brother Bear,2003-10-23
The Wizard of Oz,1939-08-15
Jack Reacher,2012-12-20
The Masked Saint,2016-01-08
Legion,2010-01-21
Old School,2003-02-21
Wonder Woman 1984,2020-12-16
Zombieland,2009-10-02
Decision to Leave,2022-06-29
Monsters University,2013-06-19
Terminator Salvation,2009-05-20
Creed,2015-11-25
Shot Caller,2017-07-13
The Adventures of Maid Marian,2022-05-09
Death Becomes Her,1992-07-30
Pearl Harbor,2001-05-21
Black Clover: Sword of the Wizard King,2023-06-16
Cheeky,2000-01-28
Den of Thieves,2018-01-18
Don't Breathe,2016-06-08
No One Will Save You,2023-09-22
The Witch: Part 2. The Other One,2022-06-15
The Greatest Game Ever Played,2005-09-30
Acid,2023-09-20
Princess Mononoke,1997-07-12
The Departed,2006-10-04
Sexual Chronicles of a French Family,2012-05-09
L.E.T.H.A.L. Ladies: Return to Savage Beach,1998-01-27
The Tomorrow War,2021-09-03
Predators,2010-07-03
Friends with Benefits,2011-07-21
Dunkirk,2017-07-19
Fifty Shades Darker,2017-02-08
Underworld: Rise of the Lycans,2009-01-22
Ice Age: Collision Course,2016-06-23
The Hunger Games: Catching Fire,2013-11-15
Fantastic Four,2005-06-29
Porno,1981-01-01
Matilda,1996-08-02
Silence of the Prey,2024-05-14
Batman Returns,1992-06-19
The Smurfs: A Christmas Carol,2011-12-02
Final Destination,2000-03-17
Eternal Sunshine of the Spotless Mind,2004-03-19
Project X,2012-03-01
Kill Bill: Vol. 1,2003-10-10
Dragon Ball Z: Wrath of the Dragon,1995-07-15
Olympus Has Fallen,2013-03-20
Jack Reacher: Never Go Back,2016-10-19
The School for Good and Evil,2022-10-19
Suicide Squad,2016-08-03
Night at the Museum: Secret of the Tomb,2014-12-17
The Curious Case of Benjamin Button,2008-12-25
Miller's Girl,2024-01-18
Mercy,2023-05-12
The Deliverance,2024-08-16
L'école des espions,2024-08-29
Uhaw,2024-08-30
"Red, White & Royal Blue",2023-07-27
Bob Marley: One Love,2024-02-14
Don't Worry Darling,2022-09-21
Ocean's Eight,2018-06-07
South Park: The End of Obesity,2024-05-24
Beauty and the Beast: The Enchanted Christmas,1997-11-11
The Witch,2016-02-19
Dragon Ball Z: Broly - Second Coming,1994-03-12
The Ice Age Adventures of Buck Wild,2022-01-28
The Good Dinosaur,2015-11-14
Caligula,1979-08-14
65,2023-03-02
Dawn of the Dead,2004-03-19
The Great Wall,2016-12-16
The Croods,2013-03-15
Divergent,2014-03-14
Naruto Shippuden the Movie,2007-08-04
La La Land,2016-11-29
The Jungle Book,1967-10-18
Baby's Day Out,1994-07-01
John Wick,2014-10-22
Sinbad: Legend of the Seven Seas,2003-07-02
Pitch Perfect 2,2015-05-07
Society of the Snow,2023-12-15
Aladdin,2019-05-22
Hidden Strike,2023-07-06
Haunt,2019-09-13
The Revenant,2015-12-25
Closing the Ring,2007-09-14
The Killer,2022-07-13
Dune,1984-12-14
No Hard Feelings,2023-06-15
The Founder,2016-11-24
Home,2015-03-18
Back to Black,2024-04-11
Life Is Beautiful,1997-12-20
Greedy People,2024-08-23
El hombre bueno,2024-03-06
Dragon Ball Z: Battle of Gods,2013-03-30
Norbit,2007-02-08
The Wandering Earth II,2023-01-22
Life,2017-03-22
300,2007-03-07
The Last: Naruto the Movie,2014-12-06
Superbad,2007-03-20
Megan Is Missing,2011-05-01
