title,release_date
Deadpool & Wolverine,2024-07-24
Inside Out 2,2024-06-11
Despicable Me 4,2024-06-20
Twisters,2024-07-10
Bad Boys: Ride or Die,2024-06-05
Gunner,2024-08-16
Longlegs,2024-07-10
The Union,2024-08-15
It Ends with Us,2024-08-07
Jackpot!,2024-08-13
Darkness of Man,2024-05-07
Kill,2024-07-03
Alien: Romulus,2024-08-13
Crescent City,2024-08-16
Saving Bikini Bottom: The Sandy Cheeks Movie,2024-08-01
A Quiet Place: Day One,2024-06-26
Prey,2024-03-15
The Garfield Movie,2024-04-30
One Fast Move,2024-08-07
Kingdom of the Planet of the Apes,2024-05-08
Dragonkeeper,2024-04-11
The Instigators,2024-08-02
The Convert,2024-03-14
Furiosa: A Mad Max Saga,2024-05-22
Incoming,2024-08-22
Oddity,2024-07-19
Kinds of Kindness,2024-05-30
House of Ga'a,2024-07-26
Civil War,2024-04-10
Mission: Cross,2024-08-05
Paradox Effect,2024-06-27
Descendants: The Rise of Red,2024-07-11
Something in the Water,2024-03-22
Beautiful Wedding,2024-01-24
Godzilla x Kong: The New Empire,2024-03-27
Thelma,2024-06-21
Kung Fu Panda 4,2024-03-02
Sonic the Hedgehog 3,2024-12-19
The Mouse Trap,2024-08-23
"Justice League: Crisis on Infinite Earths, Part Three",2024-07-15
The Ministry of Ungentlemanly Warfare,2024-04-18
Breaking and Re-entering,2024-02-08
Place of Bones,2024-08-23
An Ideal Father,2024-04-21
Beetlejuice Beetlejuice,2024-09-04
Twilight of the Warriors: Walled In,2024-04-23
Non Negotiable,2024-07-25
Fly Me to the Moon,2024-07-10
Trap,2024-07-31
The Exorcism,2024-05-30
My Spy The Eternal City,2024-07-18
You Shall Not Sleep Tonight,2024-08-01
We Are Zombies,2024-07-17
Nice Girls,2024-08-20
Under Paris,2024-06-04
The Beast Within,2024-07-22
BLUE LOCK THE MOVIE -EPISODE NAGI-,2024-04-19
The Watchers,2024-06-06
Beverly Hills Cop: Axel F,2024-06-20
Harold and the Purple Crayon,2024-07-31
Land of Bad,2024-01-25
Dune: Part Two,2024-02-27
MaXXXine,2024-07-04
The King Tide,2024-04-26
The Fall Guy,2024-04-24
Tòkunbọ̀,2024-08-23
Late Night with the Devil,2024-03-19
Borderlands,2024-08-07
Blink Twice,2024-08-21
The Crow,2024-08-21
IF,2024-05-08
The Strangers: Chapter 1,2024-05-15
Atlas,2024-05-23
Monkey Man,2024-04-03
The Idea of You,2024-05-02
Autumn and the Black Jaguar,2024-02-01
Unang Tikim,2024-07-07
The Jack in the Box: Rises,2024-01-18
Tarot,2024-05-01
No Way Up,2024-01-18
The Supremes at Earl's All-You-Can-Eat,2024-08-07
Road House,2024-03-08
Cocorico,2024-02-07
Madame Web,2024-02-14
May the 12th Be with You,2024-05-09
Horizon: An American Saga – Chapter 1,2024-06-26
The Last Breath,2024-06-28
Stranger in the Woods,2024-02-14
Rebel Moon - Part Two: The Scargiver,2024-04-19
Escape from the 21st Century,2024-07-18
Trigger Warning,2024-06-20
The Killer,2024-08-22
Chief of Station,2024-05-02
The Goat Life,2024-03-28
Breathe,2024-04-04
The First Omen,2024-04-03
Immaculate,2024-03-20
The Wages of Fear,2024-03-28
Moana 2,2024-11-27
Megamind vs. the Doom Syndicate,2024-03-29
Kleks Academy,2024-01-05
Drawing Closer,2024-06-26
Hit Man,2024-05-16
Maria Montessori,2024-03-07
El Candidato Honesto,2024-08-08
Dange,2024-03-01
Baki Hanma VS Kengan Ashura,2024-06-05
Damsel,2024-03-07
The Wild Robot,2024-09-12
The Last Kumite,2024-05-09
In a Violent Nature,2024-05-31
Padre no hay más que uno 4: Campanas de boda,2024-07-17
Dagr,2024-03-24
Ultraman: Rising,2024-06-14
HAIKYU!! The Dumpster Battle,2024-02-16
Ghostbusters: Frozen Empire,2024-03-20
Hell Hole,2024-07-29
Kalki 2898-AD,2024-06-26
No Time to Spy: A Loud House Movie,2024-06-21
Abigail,2024-04-16
Boneyard,2024-07-05
Venom: The Last Dance,2024-10-23
Kalikot,2024-03-12
"Justice League: Crisis on Infinite Earths, Part One",2024-01-08
The Beekeeper,2024-01-08
Transformers One,2024-09-11
Dead Sea,2024-07-26
V de Víctor,2024-05-16
Mufasa: The Lion King,2024-12-18
The Infallibles,2024-06-20
Alienoid: Return to the Future,2024-01-10
A Sacrifice,2024-06-28
Boy Kills World,2024-04-24
Thelma the Unicorn,2024-05-17
The Bikeriders,2024-06-19
I Can't Live Without You,2024-08-15
The Tearsmith,2024-04-03
"Justice League: Crisis on Infinite Earths, Part Two",2024-04-22
Handling the Undead,2024-02-09
Bionic,2024-05-28
Goyo,2024-06-27
Exhuma,2024-02-22
The Count of Monte-Cristo,2024-06-28
La Familia del Barrio: La Película,2024-06-28
Bedspacer,2024-01-05
Mean Girls,2024-01-10
Kaskasero,2024-07-26
Through My Window 3: Looking at You,2024-02-23
Sting,2024-04-12
Your Fault,2024-12-26
Woody Woodpecker Goes to Camp,2024-04-12
Love Lies Bleeding,2024-03-08
Los de la culpa,2024-03-21
The Hunted,2024-01-18
"Miraculous World, London: At the Edge of Time",2024-08-31
Damaged,2024-04-12
The Forge,2024-08-22
Reagan,2024-08-29
Badland Hunters,2024-01-25
Untamed Royals,2024-08-27
Kraven the Hunter,2024-12-11
Arthur the King,2024-03-15
Challengers,2024-04-18
Crayon Shin-chan the Movie: Our Dinosaur Diary,2024-08-09
Taste of Freedom,2024-03-07
Lift,2024-01-10
Code 8 Part II,2024-02-27
Orion and the Dark,2024-02-01
Afraid,2024-08-28
Young Woman and the Sea,2024-05-31
Am I OK?,2024-06-11
Argylle,2024-01-31
Case Closed: The Million-Dollar Pentagram,2024-04-12
I Saw the TV Glow,2024-05-03
Janet Planet,2024-06-21
Winnie-the-Pooh: Blood and Honey 2,2024-03-26
Noah's Ark,2024-01-05
Odio el verano,2024-08-23
Salitan,2024-02-16
Rebuilding Coraline,2024-08-15
A Family Affair,2024-06-27
Joker: Folie à Deux,2024-09-30
Project Silence,2024-07-11
City Hunter,2024-04-24
Find Me Falling,2024-07-18
The Cult,2024-06-01
Contagion of Fear,2024-01-16
Red One,2024-11-07
Hellboy: The Crooked Man,2024-08-30
Mi Gallo,2024-08-01
Golden Kamuy,2024-01-19
The Legend of Catclaws Mountain,2024-05-27
Miller's Girl,2024-01-18
Speak No Evil,2024-09-10
The Job Whisperer,2024-04-18
Sixty Minutes,2024-01-19
Rita,2024-03-22
A Little Something Extra,2024-04-18
Someone Like You,2024-04-02
Uhaw,2024-08-30
